dataset,vertices,edges,k_target,found,time_sec,attempts,prep_time_sec,closure_size
data/SWtinyG.txt,13,13,3,True,7.26999860489741e-05,1,0.0006884000031277537,3
data/SWtinyG.txt,13,13,6,True,3.2899988582357764e-05,1,0.0006884000031277537,6
data/SWtinyG.txt,13,13,9,True,3.779999678954482e-05,1,0.0006884000031277537,9
data/SWmediumG.txt,250,1273,62,True,0.0006035000114934519,1,0.0019256000086897984,62
data/SWmediumG.txt,250,1273,125,True,0.0005043999990448356,1,0.0019256000086897984,125
data/SWmediumG.txt,250,1273,187,True,0.00032140000257641077,1,0.0019256000086897984,187
data/SWlargeG.txt,1000000,7586063,250000,True,334.9888786000083,1,47.91415159999451,250000
data/SWlargeG.txt,1000000,7586063,500000,True,196.8630817999947,1,47.91415159999451,500000
data/SWlargeG.txt,1000000,7586063,750000,True,99.35123450000538,1,47.91415159999451,750000
